filename,realism_score
BEGAN_epoch44_step430000_3543.png,8.340908288955688477e-01
BEGAN_epoch44_step430000_1123.png,1.134185194969177246e+00
BEGAN_epoch44_step430000_2529.png,7.540982961654663086e-01
BEGAN_epoch44_step430000_712.png,9.800796508789062500e-01
BEGAN_epoch44_step430000_4038.png,1.281249880790710449e+00
BEGAN_epoch44_step430000_39.png,9.969968795776367188e-01
BEGAN_epoch44_step430000_2200.png,1.034090876579284668e+00
BEGAN_epoch44_step430000_832.png,5.450450181961059570e-01
BEGAN_epoch44_step430000_327.png,1.122699260711669922e+00
BEGAN_epoch44_step430000_791.png,9.323076009750366211e-01
BEGAN_epoch44_step430000_738.png,5.064194202423095703e-01
BEGAN_epoch44_step430000_3638.png,7.521367073059082031e-01
BEGAN_epoch44_step430000_1529.png,9.891007542610168457e-01
BEGAN_epoch44_step430000_2391.png,1.173611044883728027e+00
BEGAN_epoch44_step430000_3158.png,5.900514721870422363e-01
BEGAN_epoch44_step430000_2495.png,7.412730455398559570e-01
BEGAN_epoch44_step430000_1407.png,8.795810937881469727e-01
BEGAN_epoch44_step430000_1982.png,9.726026654243469238e-01
BEGAN_epoch44_step430000_139.png,1.059701442718505859e+00
BEGAN_epoch44_step430000_3056.png,9.808742403984069824e-01
BEGAN_epoch44_step430000_3090.png,6.200717091560363770e-01
BEGAN_epoch44_step430000_1721.png,9.729728698730468750e-01
BEGAN_epoch44_step430000_3832.png,8.344827294349670410e-01
BEGAN_epoch44_step430000_2514.png,6.804511547088623047e-01
BEGAN_epoch44_step430000_3713.png,8.864733576774597168e-01
BEGAN_epoch44_step430000_2043.png,7.561982870101928711e-01
BEGAN_epoch44_step430000_1610.png,9.999998807907104492e-01
BEGAN_epoch44_step430000_3976.png,9.999999403953552246e-01
BEGAN_epoch44_step430000_4021.png,1.011857628822326660e+00
BEGAN_epoch44_step430000_237.png,7.841879725456237793e-01
BEGAN_epoch44_step430000_2661.png,9.835163950920104980e-01
BEGAN_epoch44_step430000_3423.png,8.372640609741210938e-01
BEGAN_epoch44_step430000_531.png,7.799144983291625977e-01
BEGAN_epoch44_step430000_481.png,7.723214030265808105e-01
BEGAN_epoch44_step430000_2712.png,9.481864571571350098e-01
BEGAN_epoch44_step430000_606.png,1.039999961853027344e+00
BEGAN_epoch44_step430000_460.png,7.662649750709533691e-01
BEGAN_epoch44_step430000_690.png,1.149122714996337891e+00
BEGAN_epoch44_step430000_3653.png,4.628422558307647705e-01
BEGAN_epoch44_step430000_1641.png,7.310756444931030273e-01
BEGAN_epoch44_step430000_1475.png,1.265700340270996094e+00
BEGAN_epoch44_step430000_851.png,6.112957000732421875e-01
BEGAN_epoch44_step430000_1801.png,8.944443464279174805e-01
BEGAN_epoch44_step430000_4059.png,9.510868787765502930e-01
BEGAN_epoch44_step430000_3015.png,1.030898809432983398e+00
BEGAN_epoch44_step430000_3811.png,7.704544663429260254e-01
BEGAN_epoch44_step430000_1816.png,9.611649513244628906e-01
BEGAN_epoch44_step430000_446.png,7.228915095329284668e-01
BEGAN_epoch44_step430000_2544.png,3.757764101028442383e-01
BEGAN_epoch44_step430000_2897.png,7.446808218955993652e-01
BEGAN_epoch44_step430000_1225.png,8.387849926948547363e-01
BEGAN_epoch44_step430000_3794.png,1.194719314575195312e+00
BEGAN_epoch44_step430000_548.png,6.898496150970458984e-01
BEGAN_epoch44_step430000_650.png,4.501278698444366455e-01
BEGAN_epoch44_step430000_621.png,5.083798766136169434e-01
BEGAN_epoch44_step430000_3003.png,7.259713411331176758e-01
BEGAN_epoch44_step430000_2962.png,6.514806151390075684e-01
BEGAN_epoch44_step430000_1189.png,1.227941036224365234e+00
BEGAN_epoch44_step430000_247.png,6.091549396514892578e-01
BEGAN_epoch44_step430000_3120.png,7.867646217346191406e-01
BEGAN_epoch44_step430000_2798.png,9.858356118202209473e-01
BEGAN_epoch44_step430000_3747.png,1.062893033027648926e+00
BEGAN_epoch44_step430000_2029.png,6.666666269302368164e-01
BEGAN_epoch44_step430000_1497.png,8.368297815322875977e-01
BEGAN_epoch44_step430000_2607.png,1.043046236038208008e+00
BEGAN_epoch44_step430000_1707.png,6.526508331298828125e-01
BEGAN_epoch44_step430000_2219.png,7.169421315193176270e-01
BEGAN_epoch44_step430000_1566.png,6.638655066490173340e-01
BEGAN_epoch44_step430000_1286.png,9.404144287109375000e-01
BEGAN_epoch44_step430000_3769.png,7.647058367729187012e-01
BEGAN_epoch44_step430000_3384.png,8.123619556427001953e-01
BEGAN_epoch44_step430000_3362.png,9.347825050354003906e-01
BEGAN_epoch44_step430000_3949.png,8.456220626831054688e-01
BEGAN_epoch44_step430000_2772.png,6.784313321113586426e-01
BEGAN_epoch44_step430000_2168.png,3.955835998058319092e-01
BEGAN_epoch44_step430000_1170.png,6.810344457626342773e-01
BEGAN_epoch44_step430000_1597.png,8.341583609580993652e-01
BEGAN_epoch44_step430000_575.png,1.082018852233886719e+00
BEGAN_epoch44_step430000_3561.png,8.372640609741210938e-01
BEGAN_epoch44_step430000_1582.png,9.197994470596313477e-01
BEGAN_epoch44_step430000_1687.png,8.388746380805969238e-01
BEGAN_epoch44_step430000_1025.png,8.766066431999206543e-01
BEGAN_epoch44_step430000_3253.png,1.119873762130737305e+00
BEGAN_epoch44_step430000_1873.png,1.074534058570861816e+00
BEGAN_epoch44_step430000_3617.png,7.267206311225891113e-01
BEGAN_epoch44_step430000_1780.png,7.305935621261596680e-01
BEGAN_epoch44_step430000_2146.png,1.167910337448120117e+00
BEGAN_epoch44_step430000_3695.png,1.038609862327575684e+00
BEGAN_epoch44_step430000_1897.png,8.689838647842407227e-01
BEGAN_epoch44_step430000_3234.png,9.238578081130981445e-01
BEGAN_epoch44_step430000_1140.png,1.060606002807617188e+00
BEGAN_epoch44_step430000_1341.png,9.822484254837036133e-01
BEGAN_epoch44_step430000_428.png,6.624087691307067871e-01
BEGAN_epoch44_step430000_2257.png,9.970500469207763672e-01
BEGAN_epoch44_step430000_2420.png,1.088050246238708496e+00
BEGAN_epoch44_step430000_2185.png,8.167538642883300781e-01
BEGAN_epoch44_step430000_914.png,9.019607305526733398e-01
BEGAN_epoch44_step430000_1747.png,6.589147448539733887e-01
BEGAN_epoch44_step430000_1547.png,6.214788556098937988e-01
BEGAN_epoch44_step430000_2055.png,6.563636660575866699e-01
BEGAN_epoch44_step430000_3852.png,9.825580716133117676e-01
BEGAN_epoch44_step430000_3678.png,1.050156593322753906e+00
BEGAN_epoch44_step430000_637.png,7.103174328804016113e-01
BEGAN_epoch44_step430000_40.png,7.190082073211669922e-01
BEGAN_epoch44_step430000_3598.png,1.145985245704650879e+00
BEGAN_epoch44_step430000_2643.png,5.584615468978881836e-01
BEGAN_epoch44_step430000_1212.png,6.399999856948852539e-01
BEGAN_epoch44_step430000_1158.png,9.712643027305603027e-01
BEGAN_epoch44_step430000_3933.png,3.426966369152069092e-01
BEGAN_epoch44_step430000_67.png,7.418032288551330566e-01
BEGAN_epoch44_step430000_776.png,1.076433062553405762e+00
BEGAN_epoch44_step430000_321.png,9.290779232978820801e-01
BEGAN_epoch44_step430000_934.png,1.046511530876159668e+00
BEGAN_epoch44_step430000_332.png,1.172523856163024902e+00
BEGAN_epoch44_step430000_3730.png,1.182155966758728027e+00
BEGAN_epoch44_step430000_2692.png,1.296874880790710449e+00
BEGAN_epoch44_step430000_143.png,5.091164112091064453e-01
BEGAN_epoch44_step430000_1245.png,8.485576510429382324e-01
BEGAN_epoch44_step430000_229.png,5.592105388641357422e-01
BEGAN_epoch44_step430000_11.png,1.039603829383850098e+00
BEGAN_epoch44_step430000_2621.png,5.931372642517089844e-01
BEGAN_epoch44_step430000_3465.png,1.315174937248229980e+00
BEGAN_epoch44_step430000_2727.png,8.349056243896484375e-01
BEGAN_epoch44_step430000_3492.png,9.575070142745971680e-01
BEGAN_epoch44_step430000_1926.png,4.951456189155578613e-01
BEGAN_epoch44_step430000_4081.png,5.133438110351562500e-01
BEGAN_epoch44_step430000_3173.png,7.058823108673095703e-01
BEGAN_epoch44_step430000_1853.png,8.228698968887329102e-01
BEGAN_epoch44_step430000_2012.png,9.290321469306945801e-01
BEGAN_epoch44_step430000_1054.png,7.014613151550292969e-01
BEGAN_epoch44_step430000_1377.png,9.321532845497131348e-01
BEGAN_epoch44_step430000_1270.png,8.122171163558959961e-01
BEGAN_epoch44_step430000_56.png,9.711537361145019531e-01
BEGAN_epoch44_step430000_2091.png,1.138181686401367188e+00
BEGAN_epoch44_step430000_151.png,5.950000286102294922e-01
BEGAN_epoch44_step430000_2909.png,7.887930274009704590e-01
BEGAN_epoch44_step430000_1836.png,1.278745532035827637e+00
BEGAN_epoch44_step430000_3409.png,6.624087691307067871e-01
BEGAN_epoch44_step430000_2947.png,8.030973076820373535e-01
BEGAN_epoch44_step430000_1302.png,6.865671873092651367e-01
BEGAN_epoch44_step430000_3513.png,4.809461236000061035e-01
BEGAN_epoch44_step430000_3142.png,1.022875666618347168e+00
BEGAN_epoch44_step430000_989.png,7.542734742164611816e-01
BEGAN_epoch44_step430000_2347.png,8.755980134010314941e-01
BEGAN_epoch44_step430000_1325.png,8.633092641830444336e-01
BEGAN_epoch44_step430000_1449.png,5.728476643562316895e-01
BEGAN_epoch44_step430000_3584.png,1.191275000572204590e+00
BEGAN_epoch44_step430000_2126.png,8.632074594497680664e-01
BEGAN_epoch44_step430000_2439.png,9.363394379615783691e-01
BEGAN_epoch44_step430000_2242.png,8.046510815620422363e-01
BEGAN_epoch44_step430000_2329.png,7.656903266906738281e-01
BEGAN_epoch44_step430000_866.png,6.903846263885498047e-01
BEGAN_epoch44_step430000_3446.png,8.554501533508300781e-01
BEGAN_epoch44_step430000_2455.png,9.452053904533386230e-01
BEGAN_epoch44_step430000_1665.png,1.119205236434936523e+00
BEGAN_epoch44_step430000_3916.png,9.349111318588256836e-01
BEGAN_epoch44_step430000_2785.png,5.854838490486145020e-01
BEGAN_epoch44_step430000_3193.png,7.899342775344848633e-01
BEGAN_epoch44_step430000_2839.png,1.060059905052185059e+00
BEGAN_epoch44_step430000_2930.png,6.479820013046264648e-01
BEGAN_epoch44_step430000_2749.png,8.845069408416748047e-01
BEGAN_epoch44_step430000_3300.png,7.531645298004150391e-01
BEGAN_epoch44_step430000_2873.png,1.088956952095031738e+00
BEGAN_epoch44_step430000_2973.png,1.115501403808593750e+00
BEGAN_epoch44_step430000_3527.png,9.268928766250610352e-01
BEGAN_epoch44_step430000_757.png,6.513274312019348145e-01
BEGAN_epoch44_step430000_503.png,9.235668182373046875e-01
BEGAN_epoch44_step430000_952.png,7.614107131958007812e-01
BEGAN_epoch44_step430000_1766.png,8.601035475730895996e-01
BEGAN_epoch44_step430000_2589.png,1.121874928474426270e+00
BEGAN_epoch44_step430000_108.png,8.746176362037658691e-01
BEGAN_epoch44_step430000_208.png,7.447306513786315918e-01
BEGAN_epoch44_step430000_1960.png,9.081885218620300293e-01
BEGAN_epoch44_step430000_2309.png,8.065933585166931152e-01
BEGAN_epoch44_step430000_814.png,8.171557188034057617e-01
BEGAN_epoch44_step430000_411.png,1.035087585449218750e+00
BEGAN_epoch44_step430000_2483.png,1.036809682846069336e+00
BEGAN_epoch44_step430000_891.png,1.265305995941162109e+00
BEGAN_epoch44_step430000_3879.png,9.517425298690795898e-01
BEGAN_epoch44_step430000_3073.png,1.109965562820434570e+00
BEGAN_epoch44_step430000_590.png,9.854226708412170410e-01
BEGAN_epoch44_step430000_1625.png,8.555857539176940918e-01
BEGAN_epoch44_step430000_2408.png,8.047618269920349121e-01
BEGAN_epoch44_step430000_1908.png,7.658227086067199707e-01
BEGAN_epoch44_step430000_975.png,5.474339127540588379e-01
BEGAN_epoch44_step430000_3104.png,8.265895247459411621e-01
BEGAN_epoch44_step430000_2815.png,8.346456289291381836e-01
BEGAN_epoch44_step430000_2109.png,7.172896862030029297e-01
BEGAN_epoch44_step430000_3283.png,5.453149080276489258e-01
BEGAN_epoch44_step430000_2988.png,7.400418519973754883e-01
BEGAN_epoch44_step430000_2569.png,1.201320052146911621e+00
BEGAN_epoch44_step430000_1356.png,5.257142782211303711e-01
BEGAN_epoch44_step430000_2855.png,8.340908288955688477e-01
BEGAN_epoch44_step430000_2276.png,1.134185194969177246e+00
BEGAN_epoch44_step430000_3347.png,7.540982961654663086e-01
BEGAN_epoch44_step430000_3034.png,9.800796508789062500e-01
wgan_gp_11527.png,3.320754766464233398e-01
wgan_gp_22893.png,8.501170277595520020e-01
wgan_gp_38184.png,5.795275568962097168e-01
wgan_gp_30670.png,9.368131160736083984e-01
wgan_gp_27575.png,1.007117271423339844e+00
wgan_gp_35934.png,5.909822583198547363e-01
wgan_gp_22830.png,7.588357329368591309e-01
wgan_gp_1177.png,6.847015023231506348e-01
wgan_gp_11349.png,7.799999713897705078e-01
wgan_gp_26955.png,6.290598511695861816e-01
wgan_gp_14574.png,7.666665911674499512e-01
wgan_gp_29420.png,8.325580954551696777e-01
wgan_gp_12697.png,7.960953712463378906e-01
wgan_gp_18056.png,1.027069926261901855e+00
wgan_gp_39603.png,6.635513901710510254e-01
wgan_gp_49423.png,1.001669287681579590e+00
wgan_gp_36124.png,3.279424905776977539e-01
wgan_gp_33781.png,9.759035110473632812e-01
wgan_gp_40517.png,9.247311353683471680e-01
wgan_gp_29162.png,1.144876241683959961e+00
wgan_gp_8103.png,6.435100436210632324e-01
wgan_gp_38663.png,8.967000842094421387e-01
wgan_gp_44400.png,7.268722057342529297e-01
wgan_gp_28054.png,6.352530717849731445e-01
wgan_gp_13654.png,9.885056614875793457e-01
wgan_gp_32181.png,7.451403141021728516e-01
wgan_gp_13895.png,5.198300480842590332e-01
wgan_gp_39430.png,3.691345155239105225e-01
wgan_gp_40136.png,7.896994948387145996e-01
wgan_gp_490.png,8.159090280532836914e-01
wgan_gp_11148.png,7.429805397987365723e-01
wgan_gp_26520.png,8.589107990264892578e-01
wgan_gp_34921.png,6.214689016342163086e-01
wgan_gp_39712.png,7.348836660385131836e-01
wgan_gp_1774.png,1.042372822761535645e+00
wgan_gp_12896.png,9.173668622970581055e-01
wgan_gp_34695.png,6.527272462844848633e-01
wgan_gp_24048.png,8.793102502822875977e-01
wgan_gp_48074.png,9.387416243553161621e-01
wgan_gp_6191.png,5.228950977325439453e-01
wgan_gp_10665.png,4.965893626213073730e-01
wgan_gp_15262.png,5.112676024436950684e-01
wgan_gp_28558.png,7.616707086563110352e-01
wgan_gp_1447.png,4.237895905971527100e-01
wgan_gp_5581.png,5.259938836097717285e-01
wgan_gp_3278.png,5.657051205635070801e-01
wgan_gp_9098.png,1.111782431602478027e+00
wgan_gp_4513.png,4.950911700725555420e-01
wgan_gp_25142.png,8.551401495933532715e-01
wgan_gp_6521.png,6.635859608650207520e-01
wgan_gp_25690.png,8.344827294349670410e-01
wgan_gp_27053.png,4.659090936183929443e-01
wgan_gp_47552.png,6.457925438880920410e-01
wgan_gp_43528.png,1.036789178848266602e+00
wgan_gp_44608.png,6.818631887435913086e-01
wgan_gp_20930.png,8.394494652748107910e-01
wgan_gp_41299.png,7.009524106979370117e-01
wgan_gp_15894.png,7.091633081436157227e-01
wgan_gp_19973.png,1.081544995307922363e+00
wgan_gp_4111.png,8.260868787765502930e-01
wgan_gp_42700.png,7.934781908988952637e-01
wgan_gp_30300.png,9.145727753639221191e-01
wgan_gp_9612.png,9.148665070533752441e-01
wgan_gp_47190.png,9.020355343818664551e-01
wgan_gp_4359.png,7.104247212409973145e-01
wgan_gp_40261.png,9.253245592117309570e-01
wgan_gp_31079.png,7.229862213134765625e-01
wgan_gp_46355.png,1.003095865249633789e+00
wgan_gp_46489.png,6.475095748901367188e-01
wgan_gp_46580.png,7.123015522956848145e-01
wgan_gp_12267.png,7.724550366401672363e-01
wgan_gp_39914.png,6.890594959259033203e-01
wgan_gp_3790.png,8.408550620079040527e-01
wgan_gp_21446.png,6.323024034500122070e-01
wgan_gp_23354.png,1.269406318664550781e+00
wgan_gp_30197.png,8.799453377723693848e-01
wgan_gp_43882.png,7.483443021774291992e-01
wgan_gp_33139.png,1.054858803749084473e+00
wgan_gp_44524.png,5.653543472290039062e-01
wgan_gp_26106.png,5.538461804389953613e-01
wgan_gp_33674.png,8.345323204994201660e-01
wgan_gp_32356.png,1.140410780906677246e+00
wgan_gp_33231.png,8.990449309349060059e-01
wgan_gp_13420.png,1.111111044883728027e+00
wgan_gp_16394.png,8.183961510658264160e-01
wgan_gp_20187.png,5.466867685317993164e-01
wgan_gp_12395.png,8.222221732139587402e-01
wgan_gp_2218.png,5.388470888137817383e-01
wgan_gp_1849.png,8.143851161003112793e-01
wgan_gp_43692.png,9.740456938743591309e-01
wgan_gp_29995.png,6.250000000000000000e-01
wgan_gp_30081.png,3.243494331836700439e-01
wgan_gp_15968.png,6.415770649909973145e-01
wgan_gp_18769.png,9.427791833877563477e-01
wgan_gp_2927.png,6.574074029922485352e-01
wgan_gp_26768.png,8.212289810180664062e-01
wgan_gp_19723.png,8.655256032943725586e-01
wgan_gp_20813.png,1.003597021102905273e+00
wgan_gp_48460.png,7.727272510528564453e-01
wgan_gp_40370.png,8.860758543014526367e-01
wgan_gp_24682.png,5.618320703506469727e-01
wgan_gp_7152.png,9.839227199554443359e-01
wgan_gp_9979.png,7.061143517494201660e-01
wgan_gp_15692.png,7.316561341285705566e-01
wgan_gp_37801.png,7.261410355567932129e-01
wgan_gp_40789.png,6.122807264328002930e-01
wgan_gp_49518.png,6.907629966735839844e-01
wgan_gp_32931.png,4.287425279617309570e-01
wgan_gp_10113.png,9.707446098327636719e-01
wgan_gp_35368.png,9.307228326797485352e-01
wgan_gp_38881.png,9.838708639144897461e-01
wgan_gp_46662.png,7.482992410659790039e-01
wgan_gp_7711.png,8.117913007736206055e-01
wgan_gp_48358.png,1.239999890327453613e+00
wgan_gp_48653.png,9.175531268119812012e-01
wgan_gp_24298.png,6.679104566574096680e-01
wgan_gp_25786.png,7.081711888313293457e-01
wgan_gp_3657.png,1.046843171119689941e+00
wgan_gp_47065.png,7.349396944046020508e-01
wgan_gp_37266.png,1.057056903839111328e+00
wgan_gp_10790.png,5.175627470016479492e-01
wgan_gp_2838.png,8.913736939430236816e-01
wgan_gp_48247.png,8.740553259849548340e-01
wgan_gp_2728.png,9.013332724571228027e-01
wgan_gp_23974.png,9.738560914993286133e-01
wgan_gp_25409.png,8.704187870025634766e-01
wgan_gp_26019.png,9.346210360527038574e-01
wgan_gp_6784.png,5.955631136894226074e-01
wgan_gp_30969.png,8.937823176383972168e-01
wgan_gp_40672.png,1.066666603088378906e+00
wgan_gp_5055.png,4.194312691688537598e-01
wgan_gp_34333.png,8.909090161323547363e-01
wgan_gp_39011.png,3.621031641960144043e-01
wgan_gp_28252.png,5.275362133979797363e-01
wgan_gp_37586.png,8.007075190544128418e-01
wgan_gp_49139.png,6.787072420120239258e-01
wgan_gp_28891.png,9.999998807907104492e-01
wgan_gp_35183.png,7.735848426818847656e-01
wgan_gp_28951.png,9.810297489166259766e-01
wgan_gp_14127.png,9.715188741683959961e-01
wgan_gp_31500.png,6.884057521820068359e-01
wgan_gp_3549.png,4.727030694484710693e-01
wgan_gp_11431.png,9.118109345436096191e-01
wgan_gp_13340.png,4.426829218864440918e-01
wgan_gp_39514.png,1.045454502105712891e+00
wgan_gp_29544.png,8.360655307769775391e-01
wgan_gp_39196.png,1.001398563385009766e+00
wgan_gp_8922.png,4.899425208568572998e-01
wgan_gp_43100.png,5.897436141967773438e-01
wgan_gp_31244.png,6.345454454421997070e-01
wgan_gp_21268.png,6.996197700500488281e-01
wgan_gp_5285.png,1.078303337097167969e+00
wgan_gp_28142.png,9.312976002693176270e-01
wgan_gp_34830.png,5.359765291213989258e-01
wgan_gp_12179.png,3.862559199333190918e-01
wgan_gp_13218.png,8.115606307983398438e-01
wgan_gp_18390.png,6.143667101860046387e-01
wgan_gp_5957.png,8.560410737991333008e-01
wgan_gp_43430.png,7.962085008621215820e-01
wgan_gp_34603.png,7.949885725975036621e-01
wgan_gp_6921.png,5.253164768218994141e-01
wgan_gp_1765.png,7.154638767242431641e-01
wgan_gp_20091.png,7.027558684349060059e-01
wgan_gp_31367.png,6.642599105834960938e-01
wgan_gp_8696.png,8.722358345985412598e-01
wgan_gp_13820.png,6.391382217407226562e-01
wgan_gp_23707.png,7.172130942344665527e-01
wgan_gp_17945.png,8.205127716064453125e-01
wgan_gp_15802.png,7.127429246902465820e-01
wgan_gp_12496.png,9.504949450492858887e-01
wgan_gp_34225.png,5.123010277748107910e-01
wgan_gp_5808.png,8.428570628166198730e-01
wgan_gp_899.png,9.263958930969238281e-01
wgan_gp_4189.png,6.243567466735839844e-01
wgan_gp_27369.png,1.464757561683654785e+00
wgan_gp_29804.png,8.909090161323547363e-01
wgan_gp_19597.png,5.959031581878662109e-01
wgan_gp_45661.png,7.213114500045776367e-01
wgan_gp_49646.png,1.039568185806274414e+00
wgan_gp_9669.png,5.490797758102416992e-01
wgan_gp_47645.png,9.253163933753967285e-01
wgan_gp_32682.png,6.049586534500122070e-01
wgan_gp_8282.png,6.146789193153381348e-01
wgan_gp_31975.png,6.866537928581237793e-01
wgan_gp_1053.png,1.117845058441162109e+00
wgan_gp_441.png,3.753943145275115967e-01
wgan_gp_6643.png,7.245508432388305664e-01
wgan_gp_31166.png,8.716048598289489746e-01
wgan_gp_28762.png,1.016333818435668945e+00
wgan_gp_25284.png,6.586825847625732422e-01
wgan_gp_8581.png,9.031412601470947266e-01
wgan_gp_26224.png,8.578679561614990234e-01
wgan_gp_18582.png,8.709676861763000488e-01
wgan_gp_2251.png,1.012779474258422852e+00
wgan_gp_26637.png,7.003816962242126465e-01
wgan_gp_49951.png,9.913792014122009277e-01
wgan_gp_35270.png,6.742857098579406738e-01
wgan_gp_44872.png,8.478260040283203125e-01
wgan_gp_21136.png,7.906976342201232910e-01
wgan_gp_16581.png,8.192456960678100586e-01
wgan_gp_21522.png,4.907539188861846924e-01
wgan_gp_23597.png,7.742615342140197754e-01
wgan_gp_18695.png,7.362636923789978027e-01
wgan_gp_9421.png,8.188234567642211914e-01
wgan_gp_3811.png,8.843373060226440430e-01
wgan_gp_14810.png,8.279069066047668457e-01
wgan_gp_27463.png,9.534882903099060059e-01
wgan_gp_39080.png,4.419475793838500977e-01
wgan_gp_195.png,1.029220700263977051e+00
wgan_gp_8012.png,5.363214612007141113e-01
wgan_gp_7506.png,9.344728589057922363e-01
wgan_gp_49725.png,1.045885920524597168e+00
wgan_gp_36241.png,9.245282411575317383e-01
wgan_gp_43805.png,7.753303647041320801e-01
wgan_gp_27659.png,6.652631163597106934e-01
wgan_gp_32090.png,7.576469779014587402e-01
wgan_gp_27734.png,9.972898960113525391e-01
wgan_gp_33400.png,9.830507636070251465e-01
wgan_gp_49255.png,9.376622438430786133e-01
wgan_gp_10858.png,1.133555769920349121e+00
wgan_gp_41402.png,6.643902659416198730e-01
wgan_gp_22262.png,7.965367436408996582e-01
wgan_gp_45944.png,9.888888001441955566e-01
wgan_gp_37501.png,4.434447288513183594e-01
wgan_gp_9854.png,5.525525808334350586e-01
wgan_gp_8213.png,6.970296502113342285e-01
wgan_gp_24467.png,9.435896873474121094e-01
wgan_gp_35791.png,1.048432946205139160e+00
wgan_gp_45025.png,1.169013977050781250e+00
wgan_gp_42796.png,7.553191184997558594e-01
wgan_gp_47436.png,7.245508432388305664e-01
wgan_gp_25523.png,6.786447167396545410e-01
wgan_gp_40922.png,9.408283233642578125e-01
wgan_gp_19115.png,6.385964751243591309e-01
wgan_gp_4937.png,8.977271914482116699e-01
wgan_gp_15374.png,8.633193373680114746e-01
wgan_gp_13995.png,4.939271211624145508e-01
wgan_gp_13730.png,5.668277144432067871e-01
wgan_gp_47347.png,1.046920776367187500e+00
wgan_gp_33021.png,6.339622735977172852e-01
wgan_gp_12587.png,9.333332777023315430e-01
wgan_gp_45323.png,9.522470831871032715e-01
wgan_gp_6374.png,1.153354525566101074e+00
wgan_gp_39784.png,8.748316764831542969e-01
wgan_gp_33898.png,1.100386023521423340e+00
wgan_gp_11256.png,7.635574340820312500e-01
wgan_gp_17091.png,8.595237731933593750e-01
wgan_gp_13119.png,7.619047164916992188e-01
wgan_gp_31797.png,6.810981631278991699e-01
wgan_gp_47929.png,5.836177468299865723e-01
wgan_gp_23277.png,1.045583963394165039e+00
wgan_gp_17421.png,8.633092641830444336e-01
wgan_gp_27154.png,8.611110448837280273e-01
wgan_gp_34016.png,6.101694703102111816e-01
wgan_gp_3045.png,8.537233471870422363e-01
wgan_gp_24544.png,1.016666531562805176e+00
wgan_gp_7279.png,9.331102967262268066e-01
wgan_gp_21965.png,8.093125820159912109e-01
wgan_gp_20703.png,6.552380919456481934e-01
wgan_gp_40029.png,8.434578776359558105e-01
wgan_gp_44193.png,5.795275568962097168e-01
wgan_gp_45427.png,1.111464858055114746e+00
wgan_gp_21787.png,1.003344416618347168e+00
wgan_gp_29702.png,1.157728552818298340e+00
wgan_gp_22968.png,4.691516757011413574e-01
wgan_gp_38749.png,1.196078300476074219e+00
wgan_gp_19857.png,9.239939451217651367e-01
wgan_gp_7038.png,7.153283953666687012e-01
wgan_gp_30567.png,8.992906808853149414e-01
wgan_gp_16651.png,7.909482121467590332e-01
wgan_gp_8379.png,5.646480917930603027e-01
wgan_gp_28440.png,4.598591625690460205e-01
wgan_gp_46864.png,7.376032471656799316e-01
wgan_gp_14941.png,8.615022897720336914e-01
wgan_gp_48855.png,5.248120427131652832e-01
wgan_gp_23888.png,6.380255818367004395e-01
wgan_gp_1551.png,5.867768526077270508e-01
wgan_gp_20362.png,8.337531089782714844e-01
wgan_gp_3079.png,5.666104555130004883e-01
wgan_gp_32576.png,8.622448444366455078e-01
wgan_gp_35043.png,4.422604441642761230e-01
wgan_gp_42321.png,6.659959554672241211e-01
wgan_gp_9502.png,5.513595342636108398e-01
wgan_gp_45543.png,8.917524814605712891e-01
wgan_gp_16724.png,9.211821556091308594e-01
wgan_gp_41570.png,5.674341917037963867e-01
wgan_gp_27940.png,8.446114659309387207e-01
wgan_gp_36040.png,4.382566511631011963e-01
wgan_gp_37103.png,5.085227489471435547e-01
wgan_gp_36461.png,8.365383744239807129e-01
wgan_gp_38385.png,8.240740299224853516e-01
wgan_gp_42546.png,8.795180320739746094e-01
wgan_gp_922.png,1.021276473999023438e+00
wgan_gp_26340.png,6.829745173454284668e-01
wgan_gp_49847.png,9.680850505828857422e-01
wgan_gp_14368.png,1.111561775207519531e+00
wgan_gp_44757.png,8.777776956558227539e-01
wgan_gp_7901.png,6.878612637519836426e-01
wgan_gp_16957.png,3.759590685367584229e-01
wgan_gp_31701.png,6.156522035598754883e-01
wgan_gp_10998.png,6.615969538688659668e-01
wgan_gp_18265.png,9.860723614692687988e-01
wgan_gp_1633.png,8.322474956512451172e-01
wgan_gp_36322.png,8.571428060531616211e-01
wgan_gp_22695.png,4.236276745796203613e-01
wgan_gp_25028.png,8.277511596679687500e-01
wgan_gp_19422.png,1.235690116882324219e+00
wgan_gp_6259.png,1.154513716697692871e+00
wgan_gp_42419.png,1.031347870826721191e+00
wgan_gp_41655.png,8.799999356269836426e-01
wgan_gp_36795.png,8.888888359069824219e-01
wgan_gp_16490.png,5.936455130577087402e-01
wgan_gp_37020.png,6.729434728622436523e-01
wgan_gp_4180.png,6.175438761711120605e-01
wgan_gp_41189.png,5.268505215644836426e-01
wgan_gp_43288.png,1.056716322898864746e+00
wgan_gp_48779.png,8.999999165534973145e-01
wgan_gp_15024.png,8.891624808311462402e-01
wgan_gp_19183.png,9.728914499282836914e-01
wgan_gp_21711.png,9.877675175666809082e-01
wgan_gp_24188.png,8.567707538604736328e-01
wgan_gp_11892.png,4.589743614196777344e-01
wgan_gp_42003.png,6.752873659133911133e-01
wgan_gp_30396.png,5.336257219314575195e-01
wgan_gp_6064.png,8.571428060531616211e-01
wgan_gp_22374.png,1.074303269386291504e+00
wgan_gp_40997.png,5.673249363899230957e-01
wgan_gp_13046.png,6.794625520706176758e-01
wgan_gp_24931.png,7.436708211898803711e-01
wgan_gp_30895.png,7.541666030883789062e-01
wgan_gp_11693.png,6.466302275657653809e-01
wgan_gp_19293.png,5.896607637405395508e-01
wgan_gp_37988.png,5.135520696640014648e-01
wgan_gp_37724.png,8.794519901275634766e-01
wgan_gp_33331.png,1.067375779151916504e+00
wgan_gp_35611.png,9.803920388221740723e-01
wgan_gp_37394.png,1.014027953147888184e+00
wgan_gp_46203.png,7.316102981567382812e-01
wgan_gp_21036.png,8.244472742080688477e-01
wgan_gp_25872.png,1.033333182334899902e+00
wgan_gp_24794.png,1.060518622398376465e+00
wgan_gp_17164.png,1.006410121917724609e+00
wgan_gp_10418.png,9.317584633827209473e-01
wgan_gp_46079.png,8.990181684494018555e-01
wgan_gp_1608.png,5.007173418998718262e-01
wgan_gp_42115.png,9.643834829330444336e-01
wgan_gp_345.png,4.475247561931610107e-01
wgan_gp_15582.png,8.745873570442199707e-01
wgan_gp_10236.png,5.511450171470642090e-01
wgan_gp_12082.png,7.566418051719665527e-01
wgan_gp_38293.png,6.641509532928466797e-01
wgan_gp_7368.png,9.453551173210144043e-01
wgan_gp_43018.png,7.181069254875183105e-01
wgan_gp_12781.png,7.995443344116210938e-01
wgan_gp_29324.png,9.661537408828735352e-01
wgan_gp_29621.png,9.164556264877319336e-01
wgan_gp_14672.png,8.313538432121276855e-01
wgan_gp_23796.png,8.854961395263671875e-01
wgan_gp_35687.png,8.558139204978942871e-01
wgan_gp_36905.png,8.746735453605651855e-01
wgan_gp_38506.png,8.205804228782653809e-01
wgan_gp_7618.png,1.001602411270141602e+00
wgan_gp_26436.png,7.557076811790466309e-01
wgan_gp_17528.png,4.636942744255065918e-01
wgan_gp_5711.png,8.106903433799743652e-01
wgan_gp_26844.png,5.257142782211303711e-01
wgan_gp_7822.png,5.400440692901611328e-01
wgan_gp_38597.png,7.698744535446166992e-01
wgan_gp_2560.png,6.572504639625549316e-01
wgan_gp_31598.png,1.101351261138916016e+00
wgan_gp_39306.png,1.021739006042480469e+00
wgan_gp_43198.png,5.545171499252319336e-01
wgan_gp_44923.png,4.361567497253417969e-01
wgan_gp_16834.png,8.242279887199401855e-01
wgan_gp_44260.png,1.143984198570251465e+00
wgan_gp_9319.png,9.209038615226745605e-01
wgan_gp_27856.png,6.896551847457885742e-01
wgan_gp_18132.png,7.775280475616455078e-01
wgan_gp_40588.png,9.300910830497741699e-01
wgan_gp_46998.png,1.137930870056152344e+00
wgan_gp_22603.png,8.216703534126281738e-01
wgan_gp_32420.png,5.538098812103271484e-01
wgan_gp_47280.png,9.111747145652770996e-01
wgan_gp_47782.png,9.009008407592773438e-01
wgan_gp_29033.png,9.687986373901367188e-01
wgan_gp_46773.png,3.583252131938934326e-01
wgan_gp_5176.png,4.373433589935302734e-01
wgan_gp_20615.png,5.384615659713745117e-01
wgan_gp_48159.png,5.463576316833496094e-01
wgan_gp_24358.png,6.969696879386901855e-01
wgan_gp_28673.png,9.594593644142150879e-01
wgan_gp_848.png,6.100840568542480469e-01
wgan_gp_18982.png,7.649999260902404785e-01
wgan_gp_9771.png,7.676990628242492676e-01
wgan_gp_14293.png,7.229862213134765625e-01
wgan_gp_45867.png,1.114052891731262207e+00
wgan_gp_10292.png,7.796975970268249512e-01
wgan_gp_42946.png,7.310756444931030273e-01
wgan_gp_42205.png,7.735425233840942383e-01
wgan_gp_17246.png,7.224770188331604004e-01
wgan_gp_31864.png,8.289155960083007812e-01
wgan_gp_8834.png,9.787233471870422363e-01
wgan_gp_36652.png,8.618925213813781738e-01
wgan_gp_45232.png,9.363635778427124023e-01
wgan_gp_4577.png,3.539553880691528320e-01
wgan_gp_21897.png,8.124999403953552246e-01
wgan_gp_33496.png,9.557290673255920410e-01
wgan_gp_13531.png,8.175519108772277832e-01
wgan_gp_17821.png,9.179893732070922852e-01
wgan_gp_1518.png,9.164344668388366699e-01
wgan_gp_23462.png,9.971508979797363281e-01
wgan_gp_22064.png,1.054852247238159180e+00
wgan_gp_20248.png,6.144366264343261719e-01
wgan_gp_33587.png,6.144143939018249512e-01
wgan_gp_32484.png,5.396341681480407715e-01
wgan_gp_16192.png,9.891007542610168457e-01
wgan_gp_23112.png,6.757281422615051270e-01
wgan_gp_21342.png,7.089843750000000000e-01
wgan_gp_18913.png,4.657039642333984375e-01
wgan_gp_11967.png,9.294477701187133789e-01
wgan_gp_34132.png,5.079475045204162598e-01
wgan_gp_20502.png,4.127906858921051025e-01
wgan_gp_44014.png,5.872483253479003906e-01
wgan_gp_5448.png,6.164501905441284180e-01
wgan_gp_48576.png,3.320754766464233398e-01
celeba_proGAN_4560.png,3.937708437442779541e-01
celeba_proGAN_845.png,9.445909261703491211e-01
celeba_proGAN_2456.png,9.154227972030639648e-01
celeba_proGAN_1446.png,3.950484395027160645e-01
celeba_proGAN_2611.png,1.107033491134643555e+00
celeba_proGAN_3395.png,1.058823466300964355e+00
celeba_proGAN_611.png,1.174496531486511230e+00
celeba_proGAN_4347.png,1.020201921463012695e+00
celeba_proGAN_3530.png,1.174999952316284180e+00
celeba_proGAN_2834.png,1.308016777038574219e+00
celeba_proGAN_3994.png,1.196850299835205078e+00
celeba_proGAN_1894.png,9.598661065101623535e-01
celeba_proGAN_2475.png,3.455398976802825928e-01
celeba_proGAN_142.png,8.173912167549133301e-01
celeba_proGAN_4751.png,9.452053904533386230e-01
celeba_proGAN_4084.png,6.356877088546752930e-01
celeba_proGAN_4371.png,9.575970768928527832e-01
celeba_proGAN_3024.png,9.972450733184814453e-01
celeba_proGAN_4421.png,9.460153579711914062e-01
celeba_proGAN_671.png,5.996732115745544434e-01
celeba_proGAN_3599.png,4.258600175380706787e-01
celeba_proGAN_1678.png,8.933717012405395508e-01
celeba_proGAN_4464.png,5.213068127632141113e-01
celeba_proGAN_658.png,1.056179642677307129e+00
celeba_proGAN_4644.png,1.279816389083862305e+00
celeba_proGAN_3885.png,1.243542313575744629e+00
celeba_proGAN_487.png,4.531645476818084717e-01
celeba_proGAN_3900.png,8.302325010299682617e-01
celeba_proGAN_565.png,6.947790980339050293e-01
celeba_proGAN_3639.png,1.196428537368774414e+00
celeba_proGAN_1101.png,5.616883039474487305e-01
celeba_proGAN_718.png,6.949806809425354004e-01
celeba_proGAN_4891.png,1.318181753158569336e+00
celeba_proGAN_1472.png,7.540229558944702148e-01
celeba_proGAN_696.png,5.028901696205139160e-01
celeba_proGAN_2083.png,4.811827838420867920e-01
celeba_proGAN_4719.png,1.195286035537719727e+00
celeba_proGAN_2623.png,1.107361912727355957e+00
celeba_proGAN_744.png,8.571428060531616211e-01
celeba_proGAN_789.png,1.032312870025634766e+00
celeba_proGAN_4488.png,1.602941036224365234e+00
celeba_proGAN_1227.png,7.546295523643493652e-01
celeba_proGAN_2097.png,1.142394661903381348e+00
celeba_proGAN_807.png,1.019354701042175293e+00
celeba_proGAN_1579.png,1.323076725006103516e+00
celeba_proGAN_1244.png,8.712870478630065918e-01
celeba_proGAN_460.png,1.118081092834472656e+00
celeba_proGAN_4442.png,6.240310072898864746e-01
celeba_proGAN_3714.png,9.203084111213684082e-01
celeba_proGAN_2115.png,4.339622557163238525e-01
celeba_proGAN_4405.png,5.323076844215393066e-01
celeba_proGAN_4981.png,1.032679677009582520e+00
celeba_proGAN_422.png,5.765124559402465820e-01
celeba_proGAN_316.png,1.078651547431945801e+00
celeba_proGAN_2267.png,1.185430288314819336e+00
celeba_proGAN_3976.png,7.337661981582641602e-01
celeba_proGAN_4934.png,7.968749403953552246e-01
celeba_proGAN_1791.png,9.428570866584777832e-01
celeba_proGAN_2051.png,8.379120230674743652e-01
celeba_proGAN_1711.png,1.081818103790283203e+00
celeba_proGAN_3461.png,3.468208014965057373e-01
celeba_proGAN_1524.png,6.563636660575866699e-01
celeba_proGAN_3253.png,9.608354568481445312e-01
celeba_proGAN_155.png,5.367411971092224121e-01
celeba_proGAN_3578.png,3.575025200843811035e-01
celeba_proGAN_4768.png,1.137096762657165527e+00
celeba_proGAN_2641.png,9.764705300331115723e-01
celeba_proGAN_387.png,1.222602605819702148e+00
celeba_proGAN_1874.png,4.641943871974945068e-01
celeba_proGAN_466.png,8.413097858428955078e-01
celeba_proGAN_4698.png,8.730158209800720215e-01
celeba_proGAN_3690.png,1.032934069633483887e+00
celeba_proGAN_2819.png,6.381322741508483887e-01
celeba_proGAN_3173.png,7.154638767242431641e-01
celeba_proGAN_2654.png,1.084985733032226562e+00
celeba_proGAN_28.png,3.903743326663970947e-01
celeba_proGAN_2923.png,9.553804993629455566e-01
celeba_proGAN_4186.png,9.684209823608398438e-01
celeba_proGAN_1196.png,1.069536328315734863e+00
celeba_proGAN_2560.png,9.583332538604736328e-01
celeba_proGAN_4522.png,8.832486867904663086e-01
celeba_proGAN_273.png,6.716697812080383301e-01
celeba_proGAN_3288.png,1.046204566955566406e+00
celeba_proGAN_1771.png,1.027692198753356934e+00
celeba_proGAN_4844.png,8.807785511016845703e-01
celeba_proGAN_2281.png,9.247311353683471680e-01
celeba_proGAN_1625.png,8.710600733757019043e-01
celeba_proGAN_1294.png,1.060422897338867188e+00
celeba_proGAN_4261.png,1.017910361289978027e+00
celeba_proGAN_2781.png,1.099999904632568359e+00
celeba_proGAN_378.png,1.337448477745056152e+00
celeba_proGAN_3928.png,3.416833579540252686e-01
celeba_proGAN_1940.png,1.045976877212524414e+00
celeba_proGAN_3816.png,1.088235139846801758e+00
celeba_proGAN_4812.png,6.148148179054260254e-01
celeba_proGAN_3422.png,1.336538314819335938e+00
celeba_proGAN_2229.png,8.652481436729431152e-01
celeba_proGAN_2877.png,4.271725714206695557e-01
celeba_proGAN_1168.png,1.282722353935241699e+00
celeba_proGAN_1663.png,8.408550620079040527e-01
celeba_proGAN_533.png,9.575162529945373535e-01
celeba_proGAN_634.png,4.203069806098937988e-01
celeba_proGAN_433.png,4.022698700428009033e-01
celeba_proGAN_1640.png,1.733812808990478516e+00
celeba_proGAN_1748.png,1.223107457160949707e+00
celeba_proGAN_1016.png,9.228295087814331055e-01
celeba_proGAN_4016.png,6.789667606353759766e-01
celeba_proGAN_1959.png,8.867923617362976074e-01
celeba_proGAN_4057.png,7.452228665351867676e-01
celeba_proGAN_1858.png,1.225409746170043945e+00
celeba_proGAN_2212.png,8.996654748916625977e-01
celeba_proGAN_586.png,8.852040171623229980e-01
celeba_proGAN_1974.png,6.714285016059875488e-01
celeba_proGAN_3850.png,8.951612114906311035e-01
celeba_proGAN_4678.png,9.290539622306823730e-01
celeba_proGAN_3104.png,6.739926934242248535e-01
celeba_proGAN_1125.png,1.125827670097351074e+00
celeba_proGAN_1358.png,5.986509323120117188e-01
celeba_proGAN_4243.png,8.904898166656494141e-01
celeba_proGAN_4831.png,5.945945978164672852e-01
celeba_proGAN_2332.png,9.693250656127929688e-01
celeba_proGAN_863.png,7.038539052009582520e-01
celeba_proGAN_3326.png,1.142857074737548828e+00
celeba_proGAN_4733.png,9.128204584121704102e-01
celeba_proGAN_2515.png,5.544715523719787598e-01
celeba_proGAN_3209.png,4.751773178577423096e-01
celeba_proGAN_2248.png,9.932431578636169434e-01
celeba_proGAN_922.png,1.399999856948852539e+00
celeba_proGAN_1812.png,7.246963381767272949e-01
celeba_proGAN_16.png,1.145077586174011230e+00
celeba_proGAN_3439.png,6.752767562866210938e-01
celeba_proGAN_4168.png,1.028391122817993164e+00
celeba_proGAN_2763.png,1.018927335739135742e+00
celeba_proGAN_1213.png,7.709496617317199707e-01
celeba_proGAN_1150.png,9.293193221092224121e-01
celeba_proGAN_3762.png,8.555554747581481934e-01
celeba_proGAN_3833.png,3.941997885704040527e-01
celeba_proGAN_94.png,1.040345788002014160e+00
celeba_proGAN_430.png,6.716980934143066406e-01
celeba_proGAN_238.png,8.529410958290100098e-01
celeba_proGAN_1085.png,1.180327773094177246e+00
celeba_proGAN_2745.png,1.241245031356811523e+00
celeba_proGAN_4034.png,6.954813003540039062e-01
celeba_proGAN_2012.png,6.723163723945617676e-01
celeba_proGAN_3349.png,7.796975970268249512e-01
celeba_proGAN_2064.png,9.329895973205566406e-01
celeba_proGAN_1039.png,1.080717444419860840e+00
celeba_proGAN_1401.png,6.073501110076904297e-01
celeba_proGAN_1268.png,1.032520294189453125e+00
celeba_proGAN_507.png,1.020689606666564941e+00
celeba_proGAN_2153.png,7.819148302078247070e-01
celeba_proGAN_1568.png,1.170212626457214355e+00
celeba_proGAN_3044.png,9.999998807907104492e-01
celeba_proGAN_1917.png,6.923076510429382324e-01
celeba_proGAN_362.png,9.716311097145080566e-01
celeba_proGAN_3087.png,7.839643359184265137e-01
celeba_proGAN_132.png,1.089108824729919434e+00
celeba_proGAN_3731.png,7.369614243507385254e-01
celeba_proGAN_4129.png,9.494680166244506836e-01
celeba_proGAN_3306.png,1.171003580093383789e+00
celeba_proGAN_992.png,1.077844262123107910e+00
celeba_proGAN_2434.png,1.067523956298828125e+00
celeba_proGAN_4206.png,1.237226128578186035e+00
celeba_proGAN_4578.png,1.197860836982727051e+00
celeba_proGAN_1338.png,1.192982316017150879e+00
celeba_proGAN_3951.png,6.000000238418579102e-01
celeba_proGAN_150.png,1.046762466430664062e+00
celeba_proGAN_380.png,1.221052527427673340e+00
celeba_proGAN_2198.png,8.433047533035278320e-01
celeba_proGAN_4283.png,1.169642806053161621e+00
celeba_proGAN_2535.png,5.053272247314453125e-01
celeba_proGAN_2307.png,9.999999403953552246e-01
celeba_proGAN_2415.png,4.664764702320098877e-01
celeba_proGAN_883.png,6.749999523162841797e-01
celeba_proGAN_367.png,1.061583518981933594e+00
celeba_proGAN_439.png,8.729280829429626465e-01
celeba_proGAN_2549.png,8.829786181449890137e-01
celeba_proGAN_1729.png,1.075757503509521484e+00
celeba_proGAN_4151.png,7.419354319572448730e-01
celeba_proGAN_2900.png,8.779903650283813477e-01
celeba_proGAN_3366.png,8.302751779556274414e-01
celeba_proGAN_2958.png,1.255318999290466309e+00
celeba_proGAN_3068.png,1.072368264198303223e+00
celeba_proGAN_4625.png,8.136363029479980469e-01
celeba_proGAN_2857.png,8.793969154357910156e-01
celeba_proGAN_3508.png,1.141666650772094727e+00
celeba_proGAN_2999.png,8.730964064598083496e-01
celeba_proGAN_3123.png,8.227146267890930176e-01
celeba_proGAN_3743.png,8.646408319473266602e-01
celeba_proGAN_4550.png,6.914285421371459961e-01
celeba_proGAN_4783.png,9.877675175666809082e-01
celeba_proGAN_763.png,1.123076796531677246e+00
celeba_proGAN_4951.png,1.654087901115417480e+00
celeba_proGAN_959.png,6.779999732971191406e-01
celeba_proGAN_1835.png,9.939023256301879883e-01
celeba_proGAN_2701.png,7.904761433601379395e-01
celeba_proGAN_1051.png,8.999999165534973145e-01
celeba_proGAN_4915.png,1.181069850921630859e+00
celeba_proGAN_2136.png,9.522545933723449707e-01
celeba_proGAN_2030.png,4.835616350173950195e-01
celeba_proGAN_2400.png,9.641872644424438477e-01
celeba_proGAN_825.png,8.198197484016418457e-01
celeba_proGAN_4317.png,9.729728698730468750e-01
celeba_proGAN_2589.png,4.711538553237915039e-01
celeba_proGAN_904.png,6.813626885414123535e-01
celeba_proGAN_4101.png,4.636363685131072998e-01
celeba_proGAN_3230.png,8.897435069084167480e-01
celeba_proGAN_4507.png,1.035398125648498535e+00
celeba_proGAN_1692.png,6.974789500236511230e-01
celeba_proGAN_2499.png,1.003115177154541016e+00
celeba_proGAN_1993.png,6.715328693389892578e-01
celeba_proGAN_980.png,3.764102458953857422e-01
celeba_proGAN_3275.png,6.072607040405273438e-01
celeba_proGAN_2938.png,8.299492001533508301e-01
celeba_proGAN_2179.png,9.205881357192993164e-01
celeba_proGAN_3483.png,6.601178646087646484e-01
celeba_proGAN_3143.png,3.937708437442779541e-01
celeba_proGAN_2675.png,9.445909261703491211e-01
celeba_proGAN_1380.png,9.154227972030639648e-01
celeba_proGAN_2974.png,3.950484395027160645e-01
celeba_proGAN_2354.png,1.107033491134643555e+00
celeba_proGAN_3558.png,1.058823466300964355e+00
celeba_proGAN_3190.png,1.174496531486511230e+00
celeba_styleGAN_4179.png,9.285713434219360352e-01
celeba_styleGAN_1171.png,1.318840503692626953e+00
celeba_styleGAN_1310.png,7.108433246612548828e-01
celeba_styleGAN_4511.png,1.047945141792297363e+00
celeba_styleGAN_4812.png,1.006472349166870117e+00
celeba_styleGAN_2067.png,9.645160436630249023e-01
celeba_styleGAN_1633.png,1.227272629737854004e+00
celeba_styleGAN_3191.png,1.127071738243103027e+00
celeba_styleGAN_561.png,8.352940678596496582e-01
celeba_styleGAN_1404.png,1.138339877128601074e+00
celeba_styleGAN_1618.png,8.596058487892150879e-01
celeba_styleGAN_233.png,1.146964788436889648e+00
celeba_styleGAN_4263.png,6.635338068008422852e-01
celeba_styleGAN_3449.png,1.097178578376770020e+00
celeba_styleGAN_3998.png,1.166666626930236816e+00
celeba_styleGAN_2116.png,1.049079656600952148e+00
celeba_styleGAN_1808.png,1.240309953689575195e+00
celeba_styleGAN_1474.png,8.517587184906005859e-01
celeba_styleGAN_3676.png,1.099999904632568359e+00
celeba_styleGAN_392.png,1.060317397117614746e+00
celeba_styleGAN_3233.png,7.300884723663330078e-01
celeba_styleGAN_3526.png,1.002881765365600586e+00
celeba_styleGAN_697.png,4.689922332763671875e-01
celeba_styleGAN_4475.png,1.081395268440246582e+00
celeba_styleGAN_3058.png,1.016574501991271973e+00
celeba_styleGAN_4826.png,1.179401874542236328e+00
celeba_styleGAN_1188.png,1.101063728332519531e+00
celeba_styleGAN_2491.png,8.872726559638977051e-01
celeba_styleGAN_2689.png,1.177777647972106934e+00
celeba_styleGAN_889.png,9.885713458061218262e-01
celeba_styleGAN_2050.png,1.112449765205383301e+00
celeba_styleGAN_3462.png,1.113537073135375977e+00
celeba_styleGAN_2669.png,1.125522971153259277e+00
celeba_styleGAN_4399.png,9.074073433876037598e-01
celeba_styleGAN_950.png,9.866665601730346680e-01
celeba_styleGAN_1503.png,1.082089424133300781e+00
celeba_styleGAN_903.png,1.076628208160400391e+00
celeba_styleGAN_3388.png,1.132596611976623535e+00
celeba_styleGAN_519.png,1.275229215621948242e+00
celeba_styleGAN_2379.png,7.103174328804016113e-01
celeba_styleGAN_3945.png,1.079113841056823730e+00
celeba_styleGAN_500.png,1.211428523063659668e+00
celeba_styleGAN_844.png,1.076246261596679688e+00
celeba_styleGAN_4894.png,1.090909004211425781e+00
celeba_styleGAN_1448.png,1.243243098258972168e+00
celeba_styleGAN_2191.png,9.118540287017822266e-01
celeba_styleGAN_4410.png,1.174603104591369629e+00
celeba_styleGAN_828.png,1.194805026054382324e+00
celeba_styleGAN_3890.png,9.358288049697875977e-01
celeba_styleGAN_3291.png,7.447257041931152344e-01
celeba_styleGAN_1463.png,1.354330658912658691e+00
celeba_styleGAN_1299.png,1.175861954689025879e+00
celeba_styleGAN_3181.png,1.188754916191101074e+00
celeba_styleGAN_3588.png,1.054982662200927734e+00
celeba_styleGAN_3933.png,1.168949723243713379e+00
celeba_styleGAN_411.png,1.217391252517700195e+00
celeba_styleGAN_4064.png,1.134948015213012695e+00
celeba_styleGAN_3907.png,8.409090042114257812e-01
celeba_styleGAN_1797.png,9.732936620712280273e-01
celeba_styleGAN_1344.png,9.351350665092468262e-01
celeba_styleGAN_2531.png,8.501170277595520020e-01
celeba_styleGAN_3662.png,9.889501929283142090e-01
celeba_styleGAN_1783.png,1.165441036224365234e+00
celeba_styleGAN_2315.png,8.999999165534973145e-01
celeba_styleGAN_3303.png,9.099999070167541504e-01
celeba_styleGAN_3827.png,9.958158135414123535e-01
celeba_styleGAN_2562.png,8.153845667839050293e-01
celeba_styleGAN_153.png,1.170731663703918457e+00
celeba_styleGAN_3621.png,9.494162201881408691e-01
celeba_styleGAN_2396.png,1.200757384300231934e+00
celeba_styleGAN_792.png,1.229571819305419922e+00
celeba_styleGAN_404.png,1.145762562751770020e+00
celeba_styleGAN_1071.png,9.598929882049560547e-01
celeba_styleGAN_350.png,1.031468391418457031e+00
celeba_styleGAN_4872.png,1.017340898513793945e+00
celeba_styleGAN_1378.png,1.186311602592468262e+00
celeba_styleGAN_2867.png,6.711538434028625488e-01
celeba_styleGAN_3167.png,1.200913190841674805e+00
celeba_styleGAN_4703.png,9.619770646095275879e-01
celeba_styleGAN_2156.png,1.052884578704833984e+00
celeba_styleGAN_4354.png,9.383377432823181152e-01
celeba_styleGAN_1917.png,8.207546472549438477e-01
celeba_styleGAN_2203.png,1.315125942230224609e+00
celeba_styleGAN_3746.png,7.683214545249938965e-01
celeba_styleGAN_1547.png,1.061764597892761230e+00
celeba_styleGAN_3858.png,9.689264893531799316e-01
celeba_styleGAN_133.png,1.257027983665466309e+00
celeba_styleGAN_767.png,9.145298600196838379e-01
celeba_styleGAN_4291.png,1.275167703628540039e+00
celeba_styleGAN_3477.png,1.221311450004577637e+00
celeba_styleGAN_2853.png,1.219999909400939941e+00
celeba_styleGAN_1084.png,1.207865118980407715e+00
celeba_styleGAN_779.png,1.193916201591491699e+00
celeba_styleGAN_3141.png,7.580993175506591797e-01
celeba_styleGAN_2216.png,1.251428484916687012e+00
celeba_styleGAN_682.png,8.986300826072692871e-01
celeba_styleGAN_4910.png,6.541353464126586914e-01
celeba_styleGAN_1111.png,7.922704815864562988e-01
celeba_styleGAN_486.png,1.434782505035400391e+00
celeba_styleGAN_3769.png,1.258064389228820801e+00
celeba_styleGAN_4849.png,1.279569745063781738e+00
celeba_styleGAN_4337.png,1.017421483993530273e+00
celeba_styleGAN_742.png,1.165775299072265625e+00
celeba_styleGAN_3513.png,8.132117986679077148e-01
celeba_styleGAN_3084.png,9.593495130538940430e-01
celeba_styleGAN_4225.png,1.102941036224365234e+00
celeba_styleGAN_2823.png,9.517044425010681152e-01
celeba_styleGAN_637.png,1.138775467872619629e+00
celeba_styleGAN_3316.png,1.094650149345397949e+00
celeba_styleGAN_3072.png,5.962199568748474121e-01
celeba_styleGAN_3124.png,9.687499403953552246e-01
celeba_styleGAN_298.png,1.128289341926574707e+00
celeba_styleGAN_1742.png,1.047169685363769531e+00
celeba_styleGAN_1558.png,9.351350665092468262e-01
celeba_styleGAN_1519.png,8.832116127014160156e-01
celeba_styleGAN_1826.png,1.119791626930236816e+00
celeba_styleGAN_2344.png,9.361701607704162598e-01
celeba_styleGAN_1354.png,8.947367668151855469e-01
celeba_styleGAN_2758.png,1.157894611358642578e+00
celeba_styleGAN_4669.png,8.269230127334594727e-01
celeba_styleGAN_428.png,1.244813203811645508e+00
celeba_styleGAN_3404.png,7.402862310409545898e-01
celeba_styleGAN_1155.png,9.582244753837585449e-01
celeba_styleGAN_1989.png,1.279816389083862305e+00
celeba_styleGAN_1432.png,7.841409444808959961e-01
celeba_styleGAN_342.png,1.212121129035949707e+00
celeba_styleGAN_217.png,1.139240384101867676e+00
celeba_styleGAN_4385.png,1.398876309394836426e+00
celeba_styleGAN_2808.png,1.267489671707153320e+00
celeba_styleGAN_579.png,9.581004977226257324e-01
celeba_styleGAN_3811.png,9.771986007690429688e-01
celeba_styleGAN_2996.png,1.321568489074707031e+00
celeba_styleGAN_2631.png,4.157043993473052979e-01
celeba_styleGAN_2026.png,9.029849767684936523e-01
celeba_styleGAN_2912.png,9.246230721473693848e-01
celeba_styleGAN_247.png,9.900989532470703125e-01
celeba_styleGAN_4494.png,1.344961047172546387e+00
celeba_styleGAN_4657.png,1.024647831916809082e+00
celeba_styleGAN_2258.png,1.185185074806213379e+00
celeba_styleGAN_4527.png,1.179310202598571777e+00
celeba_styleGAN_333.png,5.226585865020751953e-01
celeba_styleGAN_4193.png,6.411150097846984863e-01
celeba_styleGAN_868.png,9.230768084526062012e-01
celeba_styleGAN_4784.png,1.478260755538940430e+00
celeba_styleGAN_2780.png,1.084967255592346191e+00
celeba_styleGAN_3568.png,6.903765201568603516e-01
celeba_styleGAN_2901.png,1.019642710685729980e+00
celeba_styleGAN_3008.png,9.351534843444824219e-01
celeba_styleGAN_2355.png,9.325841665267944336e-01
celeba_styleGAN_4441.png,1.158878445625305176e+00
celeba_styleGAN_1936.png,1.134831309318542480e+00
celeba_styleGAN_803.png,7.914691567420959473e-01
celeba_styleGAN_4760.png,1.083018779754638672e+00
celeba_styleGAN_3959.png,1.057692170143127441e+00
celeba_styleGAN_4025.png,8.866994380950927734e-01
celeba_styleGAN_4976.png,1.254716873168945312e+00
celeba_styleGAN_2892.png,1.309999942779541016e+00
celeba_styleGAN_2480.png,1.134057879447937012e+00
celeba_styleGAN_1754.png,1.014492630958557129e+00
celeba_styleGAN_2428.png,1.252808928489685059e+00
celeba_styleGAN_3703.png,9.931505918502807617e-01
celeba_styleGAN_968.png,8.144795894622802734e-01
celeba_styleGAN_4426.png,1.151723980903625488e+00
celeba_styleGAN_4801.png,1.042105197906494141e+00
celeba_styleGAN_4746.png,1.076452493667602539e+00
celeba_styleGAN_1202.png,1.483471035957336426e+00
celeba_styleGAN_3715.png,8.802587985992431641e-01
celeba_styleGAN_919.png,9.804686307907104492e-01
celeba_styleGAN_4988.png,1.209219694137573242e+00
celeba_styleGAN_547.png,8.419752717018127441e-01
celeba_styleGAN_4922.png,1.134948015213012695e+00
celeba_styleGAN_3988.png,1.203124880790710449e+00
celeba_styleGAN_4123.png,1.025236487388610840e+00
celeba_styleGAN_2941.png,1.142307519912719727e+00
celeba_styleGAN_1129.png,1.162162065505981445e+00
celeba_styleGAN_2142.png,1.204225182533264160e+00
celeba_styleGAN_1873.png,8.417265415191650391e-01
celeba_styleGAN_3781.png,1.134920597076416016e+00
celeba_styleGAN_535.png,1.202311992645263672e+00
celeba_styleGAN_4304.png,6.420664191246032715e-01
celeba_styleGAN_2745.png,1.120437860488891602e+00
celeba_styleGAN_3367.png,1.349775671958923340e+00
celeba_styleGAN_664.png,1.192982316017150879e+00
celeba_styleGAN_1949.png,9.157894253730773926e-01
celeba_styleGAN_2575.png,9.858756065368652344e-01
celeba_styleGAN_3249.png,5.700934529304504395e-01
celeba_styleGAN_3045.png,9.416444897651672363e-01
celeba_styleGAN_2303.png,1.081325173377990723e+00
celeba_styleGAN_3841.png,1.337962865829467773e+00
celeba_styleGAN_4731.png,1.012861609458923340e+00
celeba_styleGAN_1672.png,1.089795827865600586e+00
celeba_styleGAN_4571.png,1.284360051155090332e+00
celeba_styleGAN_4149.png,1.013888835906982422e+00
celeba_styleGAN_1976.png,9.649680852890014648e-01
celeba_styleGAN_1901.png,9.703702330589294434e-01
celeba_styleGAN_2365.png,8.104264736175537109e-01
celeba_styleGAN_620.png,8.714652061462402344e-01
celeba_styleGAN_4936.png,1.519999861717224121e+00
celeba_styleGAN_711.png,1.054687380790710449e+00
celeba_styleGAN_4835.png,7.059961557388305664e-01
celeba_styleGAN_3264.png,1.330826878547668457e+00
celeba_styleGAN_3347.png,1.087662220001220703e+00
celeba_styleGAN_1007.png,9.626665711402893066e-01
celeba_styleGAN_4617.png,1.065624952316284180e+00
celeba_styleGAN_1695.png,8.085585236549377441e-01
celeba_styleGAN_3204.png,1.057376980781555176e+00
celeba_styleGAN_1606.png,1.568749904632568359e+00
celeba_styleGAN_1888.png,1.011235833168029785e+00
celeba_styleGAN_1228.png,1.235741257667541504e+00
celeba_styleGAN_1705.png,1.070866107940673828e+00
celeba_styleGAN_4602.png,9.583332538604736328e-01
celeba_styleGAN_2590.png,7.358078360557556152e-01
celeba_styleGAN_2519.png,1.181506752967834473e+00
celeba_styleGAN_2928.png,9.401040673255920410e-01
celeba_styleGAN_1241.png,9.267675876617431641e-01
celeba_styleGAN_651.png,1.043955922126770020e+00
celeba_styleGAN_3797.png,1.093984842300415039e+00
celeba_styleGAN_4639.png,6.063651442527770996e-01
celeba_styleGAN_2701.png,1.215909004211425781e+00
celeba_styleGAN_603.png,9.942528009414672852e-01
celeba_styleGAN_210.png,1.020348787307739258e+00
celeba_styleGAN_2601.png,1.193798303604125977e+00
celeba_styleGAN_3734.png,1.283581972122192383e+00
celeba_styleGAN_3098.png,9.866666197776794434e-01
celeba_styleGAN_1574.png,8.839505314826965332e-01
celeba_styleGAN_142.png,1.149193525314331055e+00
celeba_styleGAN_3635.png,1.075085163116455078e+00
celeba_styleGAN_3031.png,9.149484038352966309e-01
celeba_styleGAN_3871.png,1.078124880790710449e+00
celeba_styleGAN_2769.png,1.052434325218200684e+00
celeba_styleGAN_4052.png,6.232876777648925781e-01
celeba_styleGAN_98.png,1.337349295616149902e+00
celeba_styleGAN_1217.png,1.231213808059692383e+00
celeba_styleGAN_2289.png,1.272727131843566895e+00
celeba_styleGAN_1143.png,9.714284539222717285e-01
celeba_styleGAN_110.png,9.829059243202209473e-01
celeba_styleGAN_4205.png,1.016447305679321289e+00
celeba_styleGAN_4458.png,1.094512104988098145e+00
celeba_styleGAN_4557.png,1.060606002807617188e+00
celeba_styleGAN_4589.png,1.050444960594177246e+00
celeba_styleGAN_993.png,9.040403366088867188e-01
celeba_styleGAN_4962.png,1.184049010276794434e+00
celeba_styleGAN_2505.png,1.493670701980590820e+00
celeba_styleGAN_4132.png,9.999998807907104492e-01
celeba_styleGAN_3153.png,1.157508969306945801e+00
celeba_styleGAN_3018.png,1.076502680778503418e+00
celeba_styleGAN_200.png,7.469585537910461426e-01
celeba_styleGAN_1060.png,1.099337577819824219e+00
celeba_styleGAN_2273.png,1.263157844543457031e+00
celeba_styleGAN_3555.png,4.368230998516082764e-01
celeba_styleGAN_4164.png,1.151898622512817383e+00
celeba_styleGAN_1840.png,1.095237970352172852e+00
celeba_styleGAN_1727.png,1.047137975692749023e+00
celeba_styleGAN_4370.png,1.063999891281127930e+00
celeba_styleGAN_2715.png,1.083333253860473633e+00
celeba_styleGAN_3489.png,9.314284920692443848e-01
celeba_styleGAN_1772.png,8.156564831733703613e-01
celeba_styleGAN_1027.png,1.196078300476074219e+00
celeba_styleGAN_1280.png,8.427229523658752441e-01
celeba_styleGAN_1390.png,1.123595356941223145e+00
celeba_styleGAN_3649.png,9.999998807907104492e-01
celeba_styleGAN_369.png,8.685566186904907227e-01
celeba_styleGAN_1654.png,9.228649139404296875e-01
celeba_styleGAN_2881.png,1.353932499885559082e+00
celeba_styleGAN_4541.png,1.165384531021118164e+00
celeba_styleGAN_4715.png,9.506492614746093750e-01
celeba_styleGAN_729.png,1.064934968948364258e+00
celeba_styleGAN_3218.png,1.029585719108581543e+00
celeba_styleGAN_204.png,9.212827086448669434e-01
celeba_styleGAN_590.png,1.170370221138000488e+00
celeba_styleGAN_3277.png,8.421052098274230957e-01
celeba_styleGAN_756.png,8.823528885841369629e-01
celeba_styleGAN_4948.png,9.971909523010253906e-01
celeba_styleGAN_311.png,9.124999046325683594e-01
celeba_styleGAN_3974.png,9.846152663230895996e-01
celeba_styleGAN_1962.png,1.019011259078979492e+00
celeba_styleGAN_932.png,1.195804119110107422e+00
celeba_styleGAN_3435.png,1.192690968513488770e+00
celeba_styleGAN_2128.png,8.865670561790466309e-01
celeba_styleGAN_2731.png,1.094545364379882812e+00
celeba_styleGAN_408.png,9.961975812911987305e-01
celeba_styleGAN_3603.png,5.581761002540588379e-01
celeba_styleGAN_2457.png,1.078431248664855957e+00
celeba_styleGAN_2960.png,1.055999994277954102e+00
celeba_styleGAN_3543.png,1.097402453422546387e+00
celeba_styleGAN_813.png,1.164285540580749512e+00
celeba_styleGAN_2245.png,1.051546335220336914e+00
celeba_styleGAN_1591.png,1.260354876518249512e+00
celeba_styleGAN_1046.png,1.117117047309875488e+00
celeba_styleGAN_2015.png,9.780219197273254395e-01
celeba_styleGAN_4010.png,1.210526227951049805e+00
celeba_styleGAN_856.png,1.256684422492980957e+00
celeba_styleGAN_4685.png,9.639343023300170898e-01
celeba_styleGAN_2616.png,5.842294096946716309e-01
celeba_styleGAN_4238.png,8.717200160026550293e-01
celeba_styleGAN_1492.png,8.903393745422363281e-01
celeba_styleGAN_2086.png,7.149122357368469238e-01
celeba_styleGAN_1715.png,5.480480194091796875e-01
celeba_styleGAN_2839.png,1.157894611358642578e+00
celeba_styleGAN_2648.png,9.425586462020874023e-01
celeba_styleGAN_2410.png,1.314516067504882812e+00
celeba_styleGAN_4251.png,6.679841279983520508e-01
celeba_styleGAN_4093.png,1.187725543975830078e+00
celeba_styleGAN_1852.png,1.030534267425537109e+00
celeba_styleGAN_2796.png,9.285713434219360352e-01
celeba_styleGAN_2543.png,1.318840503692626953e+00
celeba_styleGAN_223.png,7.108433246612548828e-01
celeba_styleGAN_1264.png,1.047945141792297363e+00
celeba_styleGAN_4322.png,1.006472349166870117e+00
celeba_styleGAN_2443.png,9.645160436630249023e-01
